<?xml version="1.0" encoding="utf-8"?>
<extension type="component" version="4.0" method="upgrade">
    <name>com_greetings</name>
    <creationDate>2024-07-17</creationDate>
    <copyright>2024 Ho BAO NGUYEN</copyright>
    <license>GNU General Public License version 2 or later; see LICENSE.txt</license>
    <author>Ho BAO NGUYEN</author>
    <authorEmail>baonguyen12b32000@gmail.com</authorEmail>
    <authorUrl>http://</authorUrl>
    <version>CVS: 1.0.0</version>
    <description>The component Greetings should users to manage a list of greetings</description>
    <namespace path="src">Comgreetings\Component\Greetings</namespace>
    
    
    
    <install> <!-- Runs on install -->
        <sql>
            <file driver="mysql" charset="utf8">sql/install.mysql.utf8.sql</file>
        </sql>
    </install>
    <update> <!-- Runs on update -->
        <schemas>
            <schemapath type="mysql">sql/updates</schemapath>
        </schemas>
    </update>
    <uninstall> <!-- Runs on uninstall -->
        <sql>
            <file driver="mysql" charset="utf8">sql/uninstall.mysql.utf8.sql</file>
        </sql>
    </uninstall>

    

    <files folder="site">
        <folder>src</folder>
        <folder>forms</folder>
        <folder>tmpl</folder>
    </files>    
    <languages folder="site/languages">
        
			<language tag="en-GB">en-GB/com_greetings.ini</language>
    </languages>
    <administration>
        <menu>COM_GREETINGS</menu>
        <submenu>
            
			<menu link="option=com_greetings&amp;view=greetings" view="greetings" alt="Greetings/Greetings">COM_GREETINGS_TITLE_GREETINGS</menu>

        </submenu>
        <files folder="administrator">
            <filename>access.xml</filename>
            <filename>config.xml</filename>
            <folder>forms</folder>
            <folder>src</folder>
            <folder>tmpl</folder>
            <folder>services</folder>
            <folder>presets</folder>
            <folder>sql</folder>
        </files>
        <languages folder="administrator/languages">            
			<language tag="en-GB">en-GB/com_greetings.ini</language>
			<language tag="en-GB">en-GB/com_greetings.sys.ini</language>
        </languages>
    </administration>
    <config>
        <fields name="params">
            <fieldset name="component">
                <field name="save_history" default="0" />
            </fieldset>
        </fields>
    </config>
    <plugins>
    </plugins>
</extension>
<!-- Component built by the Joomla Component Creator -->
<!-- http://www.component-creator.com/ -->
