<?xml version="1.0" encoding="UTF-8"?>
<extension type="module" client="site" method="upgrade">
	<name>mod_randomgreeting</name>
	<creationDate>2024-07-17</creationDate>
    <copyright>2024 Ho BAO NGUYEN</copyright>
    <license>GNU General Public License version 2 or later; see LICENSE.txt</license>
    <author>Ho BAO NGUYEN</author>
    <authorEmail>baonguyen12b32000@gmail.com</authorEmail>
	<version>1.0.0</version>
	<description>The module should display a random greeting from the com_greetings component.</description>
	<namespace path="src">Joomla\Module\RandomGreeting</namespace>
	<files>
		<filename module="mod_randomgreeting">mod_randomgreeting.php</filename>
		<folder>src</folder>
		<folder>tmpl</folder>
	</files>
	<help key="Site_Modules:_RandomGreeting" />
	<config>
		<fields name="params">
			<fieldset
				name="basic"		
				>								
				
			</fieldset>
			
		</fields>
	</config>
</extension>
